,training accuracy,testing accuracy,average correlation
0,0.040372227636369294,0.28483441912026736,0.6100750466689454
1,0.03539084580695352,0.24668486953466995,0.7105420837763697
2,0.034710453834758244,0.24243358601500553,0.7402385064542472
3,0.035305723611017754,0.24451472845607142,0.75047632278581
4,0.03603200126397476,0.25165746421771285,0.7531937661522757
5,0.03627367685761368,0.2536294736798966,0.7588509776875948
6,0.036443316765565614,0.2545275518661083,0.7618029708928332
7,0.03698995328644075,0.2569942567398473,0.7652796942329071
